--------------------------------------------------------
-- Archivo creado  - lunes-abril-29-2024   
--------------------------------------------------------
--------------------------------------------------------
--  DDL for Table AUTH_GROUP
--------------------------------------------------------

  CREATE TABLE "PDGY3"."AUTH_GROUP" 
   (	"ID" NUMBER(11,0) GENERATED BY DEFAULT ON NULL AS IDENTITY MINVALUE 1 MAXVALUE 9999999999999999999999999999 INCREMENT BY 1 START WITH 1 CACHE 20 NOORDER  NOCYCLE  NOKEEP  NOSCALE , 
	"NAME" NVARCHAR2(150)
   ) SEGMENT CREATION DEFERRED 
  PCTFREE 10 PCTUSED 40 INITRANS 1 MAXTRANS 255 
 NOCOMPRESS LOGGING
  TABLESPACE "USERS" ;
--------------------------------------------------------
--  DDL for Table AUTH_GROUP_PERMISSIONS
--------------------------------------------------------

  CREATE TABLE "PDGY3"."AUTH_GROUP_PERMISSIONS" 
   (	"ID" NUMBER(19,0) GENERATED BY DEFAULT ON NULL AS IDENTITY MINVALUE 1 MAXVALUE 9999999999999999999999999999 INCREMENT BY 1 START WITH 1 CACHE 20 NOORDER  NOCYCLE  NOKEEP  NOSCALE , 
	"GROUP_ID" NUMBER(11,0), 
	"PERMISSION_ID" NUMBER(11,0)
   ) SEGMENT CREATION DEFERRED 
  PCTFREE 10 PCTUSED 40 INITRANS 1 MAXTRANS 255 
 NOCOMPRESS LOGGING
  TABLESPACE "USERS" ;
--------------------------------------------------------
--  DDL for Table AUTH_PERMISSION
--------------------------------------------------------

  CREATE TABLE "PDGY3"."AUTH_PERMISSION" 
   (	"ID" NUMBER(11,0) GENERATED BY DEFAULT ON NULL AS IDENTITY MINVALUE 1 MAXVALUE 9999999999999999999999999999 INCREMENT BY 1 START WITH 1 CACHE 20 NOORDER  NOCYCLE  NOKEEP  NOSCALE , 
	"NAME" NVARCHAR2(255), 
	"CONTENT_TYPE_ID" NUMBER(11,0), 
	"CODENAME" NVARCHAR2(100)
   ) SEGMENT CREATION IMMEDIATE 
  PCTFREE 10 PCTUSED 40 INITRANS 1 MAXTRANS 255 
 NOCOMPRESS LOGGING
  STORAGE(INITIAL 65536 NEXT 1048576 MINEXTENTS 1 MAXEXTENTS 2147483645
  PCTINCREASE 0 FREELISTS 1 FREELIST GROUPS 1
  BUFFER_POOL DEFAULT FLASH_CACHE DEFAULT CELL_FLASH_CACHE DEFAULT)
  TABLESPACE "USERS" ;
--------------------------------------------------------
--  DDL for Table AUTH_USER
--------------------------------------------------------

  CREATE TABLE "PDGY3"."AUTH_USER" 
   (	"ID" NUMBER(11,0) GENERATED BY DEFAULT ON NULL AS IDENTITY MINVALUE 1 MAXVALUE 9999999999999999999999999999 INCREMENT BY 1 START WITH 1 CACHE 20 NOORDER  NOCYCLE  NOKEEP  NOSCALE , 
	"PASSWORD" NVARCHAR2(128), 
	"LAST_LOGIN" TIMESTAMP (6), 
	"IS_SUPERUSER" NUMBER(1,0), 
	"USERNAME" NVARCHAR2(150), 
	"FIRST_NAME" NVARCHAR2(150), 
	"LAST_NAME" NVARCHAR2(150), 
	"EMAIL" NVARCHAR2(254), 
	"IS_STAFF" NUMBER(1,0), 
	"IS_ACTIVE" NUMBER(1,0), 
	"DATE_JOINED" TIMESTAMP (6)
   ) SEGMENT CREATION IMMEDIATE 
  PCTFREE 10 PCTUSED 40 INITRANS 1 MAXTRANS 255 
 NOCOMPRESS LOGGING
  STORAGE(INITIAL 65536 NEXT 1048576 MINEXTENTS 1 MAXEXTENTS 2147483645
  PCTINCREASE 0 FREELISTS 1 FREELIST GROUPS 1
  BUFFER_POOL DEFAULT FLASH_CACHE DEFAULT CELL_FLASH_CACHE DEFAULT)
  TABLESPACE "USERS" ;
--------------------------------------------------------
--  DDL for Table AUTH_USER_GROUPS
--------------------------------------------------------

  CREATE TABLE "PDGY3"."AUTH_USER_GROUPS" 
   (	"ID" NUMBER(19,0) GENERATED BY DEFAULT ON NULL AS IDENTITY MINVALUE 1 MAXVALUE 9999999999999999999999999999 INCREMENT BY 1 START WITH 1 CACHE 20 NOORDER  NOCYCLE  NOKEEP  NOSCALE , 
	"USER_ID" NUMBER(11,0), 
	"GROUP_ID" NUMBER(11,0)
   ) SEGMENT CREATION DEFERRED 
  PCTFREE 10 PCTUSED 40 INITRANS 1 MAXTRANS 255 
 NOCOMPRESS LOGGING
  TABLESPACE "USERS" ;
--------------------------------------------------------
--  DDL for Table AUTH_USER_USER_PERMISSIONS
--------------------------------------------------------

  CREATE TABLE "PDGY3"."AUTH_USER_USER_PERMISSIONS" 
   (	"ID" NUMBER(19,0) GENERATED BY DEFAULT ON NULL AS IDENTITY MINVALUE 1 MAXVALUE 9999999999999999999999999999 INCREMENT BY 1 START WITH 1 CACHE 20 NOORDER  NOCYCLE  NOKEEP  NOSCALE , 
	"USER_ID" NUMBER(11,0), 
	"PERMISSION_ID" NUMBER(11,0)
   ) SEGMENT CREATION DEFERRED 
  PCTFREE 10 PCTUSED 40 INITRANS 1 MAXTRANS 255 
 NOCOMPRESS LOGGING
  TABLESPACE "USERS" ;
--------------------------------------------------------
--  DDL for Table CORE_JUEGO
--------------------------------------------------------

  CREATE TABLE "PDGY3"."CORE_JUEGO" 
   (	"ID" NUMBER(19,0) GENERATED BY DEFAULT ON NULL AS IDENTITY MINVALUE 1 MAXVALUE 9999999999999999999999999999 INCREMENT BY 1 START WITH 1 CACHE 20 NOORDER  NOCYCLE  NOKEEP  NOSCALE , 
	"ID_JUEGO" NVARCHAR2(3), 
	"NOMBRE" NVARCHAR2(100), 
	"PRECIO" NVARCHAR2(100), 
	"IMAGEN" NVARCHAR2(100)
   ) SEGMENT CREATION IMMEDIATE 
  PCTFREE 10 PCTUSED 40 INITRANS 1 MAXTRANS 255 
 NOCOMPRESS LOGGING
  STORAGE(INITIAL 65536 NEXT 1048576 MINEXTENTS 1 MAXEXTENTS 2147483645
  PCTINCREASE 0 FREELISTS 1 FREELIST GROUPS 1
  BUFFER_POOL DEFAULT FLASH_CACHE DEFAULT CELL_FLASH_CACHE DEFAULT)
  TABLESPACE "USERS" ;
--------------------------------------------------------
--  DDL for Table CORE_PERSONA
--------------------------------------------------------

  CREATE TABLE "PDGY3"."CORE_PERSONA" 
   (	"ID" NUMBER(19,0) GENERATED BY DEFAULT ON NULL AS IDENTITY MINVALUE 1 MAXVALUE 9999999999999999999999999999 INCREMENT BY 1 START WITH 1 CACHE 20 NOORDER  NOCYCLE  NOKEEP  NOSCALE , 
	"USUARIO" NVARCHAR2(20), 
	"EMAIL" NVARCHAR2(40), 
	"CLAVE" NVARCHAR2(20), 
	"EDAD" NVARCHAR2(3), 
	"PAIS" NVARCHAR2(20)
   ) SEGMENT CREATION IMMEDIATE 
  PCTFREE 10 PCTUSED 40 INITRANS 1 MAXTRANS 255 
 NOCOMPRESS LOGGING
  STORAGE(INITIAL 65536 NEXT 1048576 MINEXTENTS 1 MAXEXTENTS 2147483645
  PCTINCREASE 0 FREELISTS 1 FREELIST GROUPS 1
  BUFFER_POOL DEFAULT FLASH_CACHE DEFAULT CELL_FLASH_CACHE DEFAULT)
  TABLESPACE "USERS" ;
--------------------------------------------------------
--  DDL for Table CORE_USER
--------------------------------------------------------

  CREATE TABLE "PDGY3"."CORE_USER" 
   (	"USUARIO" NVARCHAR2(10), 
	"EMAIL" NVARCHAR2(40), 
	"CLAVE" NVARCHAR2(30), 
	"EDAD" NVARCHAR2(3), 
	"PAIS" NVARCHAR2(15)
   ) SEGMENT CREATION IMMEDIATE 
  PCTFREE 10 PCTUSED 40 INITRANS 1 MAXTRANS 255 
 NOCOMPRESS LOGGING
  STORAGE(INITIAL 65536 NEXT 1048576 MINEXTENTS 1 MAXEXTENTS 2147483645
  PCTINCREASE 0 FREELISTS 1 FREELIST GROUPS 1
  BUFFER_POOL DEFAULT FLASH_CACHE DEFAULT CELL_FLASH_CACHE DEFAULT)
  TABLESPACE "USERS" ;
--------------------------------------------------------
--  DDL for Table DJANGO_ADMIN_LOG
--------------------------------------------------------

  CREATE TABLE "PDGY3"."DJANGO_ADMIN_LOG" 
   (	"ID" NUMBER(11,0) GENERATED BY DEFAULT ON NULL AS IDENTITY MINVALUE 1 MAXVALUE 9999999999999999999999999999 INCREMENT BY 1 START WITH 1 CACHE 20 NOORDER  NOCYCLE  NOKEEP  NOSCALE , 
	"ACTION_TIME" TIMESTAMP (6), 
	"OBJECT_ID" NCLOB, 
	"OBJECT_REPR" NVARCHAR2(200), 
	"ACTION_FLAG" NUMBER(11,0), 
	"CHANGE_MESSAGE" NCLOB, 
	"CONTENT_TYPE_ID" NUMBER(11,0), 
	"USER_ID" NUMBER(11,0)
   ) SEGMENT CREATION IMMEDIATE 
  PCTFREE 10 PCTUSED 40 INITRANS 1 MAXTRANS 255 
 NOCOMPRESS LOGGING
  STORAGE(INITIAL 65536 NEXT 1048576 MINEXTENTS 1 MAXEXTENTS 2147483645
  PCTINCREASE 0 FREELISTS 1 FREELIST GROUPS 1
  BUFFER_POOL DEFAULT FLASH_CACHE DEFAULT CELL_FLASH_CACHE DEFAULT)
  TABLESPACE "USERS" 
 LOB ("OBJECT_ID") STORE AS SECUREFILE (
  TABLESPACE "USERS" ENABLE STORAGE IN ROW CHUNK 8192
  NOCACHE LOGGING  NOCOMPRESS  KEEP_DUPLICATES 
  STORAGE(INITIAL 106496 NEXT 1048576 MINEXTENTS 1 MAXEXTENTS 2147483645
  PCTINCREASE 0
  BUFFER_POOL DEFAULT FLASH_CACHE DEFAULT CELL_FLASH_CACHE DEFAULT)) 
 LOB ("CHANGE_MESSAGE") STORE AS SECUREFILE (
  TABLESPACE "USERS" ENABLE STORAGE IN ROW CHUNK 8192
  NOCACHE LOGGING  NOCOMPRESS  KEEP_DUPLICATES 
  STORAGE(INITIAL 106496 NEXT 1048576 MINEXTENTS 1 MAXEXTENTS 2147483645
  PCTINCREASE 0
  BUFFER_POOL DEFAULT FLASH_CACHE DEFAULT CELL_FLASH_CACHE DEFAULT)) ;
--------------------------------------------------------
--  DDL for Table DJANGO_CONTENT_TYPE
--------------------------------------------------------

  CREATE TABLE "PDGY3"."DJANGO_CONTENT_TYPE" 
   (	"ID" NUMBER(11,0) GENERATED BY DEFAULT ON NULL AS IDENTITY MINVALUE 1 MAXVALUE 9999999999999999999999999999 INCREMENT BY 1 START WITH 1 CACHE 20 NOORDER  NOCYCLE  NOKEEP  NOSCALE , 
	"APP_LABEL" NVARCHAR2(100), 
	"MODEL" NVARCHAR2(100)
   ) SEGMENT CREATION IMMEDIATE 
  PCTFREE 10 PCTUSED 40 INITRANS 1 MAXTRANS 255 
 NOCOMPRESS LOGGING
  STORAGE(INITIAL 65536 NEXT 1048576 MINEXTENTS 1 MAXEXTENTS 2147483645
  PCTINCREASE 0 FREELISTS 1 FREELIST GROUPS 1
  BUFFER_POOL DEFAULT FLASH_CACHE DEFAULT CELL_FLASH_CACHE DEFAULT)
  TABLESPACE "USERS" ;
--------------------------------------------------------
--  DDL for Table DJANGO_MIGRATIONS
--------------------------------------------------------

  CREATE TABLE "PDGY3"."DJANGO_MIGRATIONS" 
   (	"ID" NUMBER(19,0) GENERATED BY DEFAULT ON NULL AS IDENTITY MINVALUE 1 MAXVALUE 9999999999999999999999999999 INCREMENT BY 1 START WITH 1 CACHE 20 NOORDER  NOCYCLE  NOKEEP  NOSCALE , 
	"APP" NVARCHAR2(255), 
	"NAME" NVARCHAR2(255), 
	"APPLIED" TIMESTAMP (6)
   ) SEGMENT CREATION IMMEDIATE 
  PCTFREE 10 PCTUSED 40 INITRANS 1 MAXTRANS 255 
 NOCOMPRESS LOGGING
  STORAGE(INITIAL 65536 NEXT 1048576 MINEXTENTS 1 MAXEXTENTS 2147483645
  PCTINCREASE 0 FREELISTS 1 FREELIST GROUPS 1
  BUFFER_POOL DEFAULT FLASH_CACHE DEFAULT CELL_FLASH_CACHE DEFAULT)
  TABLESPACE "USERS" ;
--------------------------------------------------------
--  DDL for Table DJANGO_SESSION
--------------------------------------------------------

  CREATE TABLE "PDGY3"."DJANGO_SESSION" 
   (	"SESSION_KEY" NVARCHAR2(40), 
	"SESSION_DATA" NCLOB, 
	"EXPIRE_DATE" TIMESTAMP (6)
   ) SEGMENT CREATION IMMEDIATE 
  PCTFREE 10 PCTUSED 40 INITRANS 1 MAXTRANS 255 
 NOCOMPRESS LOGGING
  STORAGE(INITIAL 65536 NEXT 1048576 MINEXTENTS 1 MAXEXTENTS 2147483645
  PCTINCREASE 0 FREELISTS 1 FREELIST GROUPS 1
  BUFFER_POOL DEFAULT FLASH_CACHE DEFAULT CELL_FLASH_CACHE DEFAULT)
  TABLESPACE "USERS" 
 LOB ("SESSION_DATA") STORE AS SECUREFILE (
  TABLESPACE "USERS" ENABLE STORAGE IN ROW CHUNK 8192
  NOCACHE LOGGING  NOCOMPRESS  KEEP_DUPLICATES 
  STORAGE(INITIAL 106496 NEXT 1048576 MINEXTENTS 1 MAXEXTENTS 2147483645
  PCTINCREASE 0
  BUFFER_POOL DEFAULT FLASH_CACHE DEFAULT CELL_FLASH_CACHE DEFAULT)) ;
REM INSERTING into PDGY3.AUTH_GROUP
SET DEFINE OFF;
REM INSERTING into PDGY3.AUTH_GROUP_PERMISSIONS
SET DEFINE OFF;
REM INSERTING into PDGY3.AUTH_PERMISSION
SET DEFINE OFF;
Insert into PDGY3.AUTH_PERMISSION (ID,NAME,CONTENT_TYPE_ID,CODENAME) values ('1','Can add log entry','1','add_logentry');
Insert into PDGY3.AUTH_PERMISSION (ID,NAME,CONTENT_TYPE_ID,CODENAME) values ('2','Can change log entry','1','change_logentry');
Insert into PDGY3.AUTH_PERMISSION (ID,NAME,CONTENT_TYPE_ID,CODENAME) values ('3','Can delete log entry','1','delete_logentry');
Insert into PDGY3.AUTH_PERMISSION (ID,NAME,CONTENT_TYPE_ID,CODENAME) values ('4','Can view log entry','1','view_logentry');
Insert into PDGY3.AUTH_PERMISSION (ID,NAME,CONTENT_TYPE_ID,CODENAME) values ('5','Can add permission','2','add_permission');
Insert into PDGY3.AUTH_PERMISSION (ID,NAME,CONTENT_TYPE_ID,CODENAME) values ('6','Can change permission','2','change_permission');
Insert into PDGY3.AUTH_PERMISSION (ID,NAME,CONTENT_TYPE_ID,CODENAME) values ('7','Can delete permission','2','delete_permission');
Insert into PDGY3.AUTH_PERMISSION (ID,NAME,CONTENT_TYPE_ID,CODENAME) values ('8','Can view permission','2','view_permission');
Insert into PDGY3.AUTH_PERMISSION (ID,NAME,CONTENT_TYPE_ID,CODENAME) values ('9','Can add group','3','add_group');
Insert into PDGY3.AUTH_PERMISSION (ID,NAME,CONTENT_TYPE_ID,CODENAME) values ('10','Can change group','3','change_group');
Insert into PDGY3.AUTH_PERMISSION (ID,NAME,CONTENT_TYPE_ID,CODENAME) values ('11','Can delete group','3','delete_group');
Insert into PDGY3.AUTH_PERMISSION (ID,NAME,CONTENT_TYPE_ID,CODENAME) values ('12','Can view group','3','view_group');
Insert into PDGY3.AUTH_PERMISSION (ID,NAME,CONTENT_TYPE_ID,CODENAME) values ('13','Can add user','4','add_user');
Insert into PDGY3.AUTH_PERMISSION (ID,NAME,CONTENT_TYPE_ID,CODENAME) values ('14','Can change user','4','change_user');
Insert into PDGY3.AUTH_PERMISSION (ID,NAME,CONTENT_TYPE_ID,CODENAME) values ('15','Can delete user','4','delete_user');
Insert into PDGY3.AUTH_PERMISSION (ID,NAME,CONTENT_TYPE_ID,CODENAME) values ('16','Can view user','4','view_user');
Insert into PDGY3.AUTH_PERMISSION (ID,NAME,CONTENT_TYPE_ID,CODENAME) values ('17','Can add content type','5','add_contenttype');
Insert into PDGY3.AUTH_PERMISSION (ID,NAME,CONTENT_TYPE_ID,CODENAME) values ('18','Can change content type','5','change_contenttype');
Insert into PDGY3.AUTH_PERMISSION (ID,NAME,CONTENT_TYPE_ID,CODENAME) values ('19','Can delete content type','5','delete_contenttype');
Insert into PDGY3.AUTH_PERMISSION (ID,NAME,CONTENT_TYPE_ID,CODENAME) values ('20','Can view content type','5','view_contenttype');
Insert into PDGY3.AUTH_PERMISSION (ID,NAME,CONTENT_TYPE_ID,CODENAME) values ('21','Can add session','6','add_session');
Insert into PDGY3.AUTH_PERMISSION (ID,NAME,CONTENT_TYPE_ID,CODENAME) values ('22','Can change session','6','change_session');
Insert into PDGY3.AUTH_PERMISSION (ID,NAME,CONTENT_TYPE_ID,CODENAME) values ('23','Can delete session','6','delete_session');
Insert into PDGY3.AUTH_PERMISSION (ID,NAME,CONTENT_TYPE_ID,CODENAME) values ('24','Can view session','6','view_session');
Insert into PDGY3.AUTH_PERMISSION (ID,NAME,CONTENT_TYPE_ID,CODENAME) values ('25','Can add juego','7','add_juego');
Insert into PDGY3.AUTH_PERMISSION (ID,NAME,CONTENT_TYPE_ID,CODENAME) values ('26','Can change juego','7','change_juego');
Insert into PDGY3.AUTH_PERMISSION (ID,NAME,CONTENT_TYPE_ID,CODENAME) values ('27','Can delete juego','7','delete_juego');
Insert into PDGY3.AUTH_PERMISSION (ID,NAME,CONTENT_TYPE_ID,CODENAME) values ('28','Can view juego','7','view_juego');
Insert into PDGY3.AUTH_PERMISSION (ID,NAME,CONTENT_TYPE_ID,CODENAME) values ('29','Can add user','8','add_user');
Insert into PDGY3.AUTH_PERMISSION (ID,NAME,CONTENT_TYPE_ID,CODENAME) values ('30','Can change user','8','change_user');
Insert into PDGY3.AUTH_PERMISSION (ID,NAME,CONTENT_TYPE_ID,CODENAME) values ('31','Can delete user','8','delete_user');
Insert into PDGY3.AUTH_PERMISSION (ID,NAME,CONTENT_TYPE_ID,CODENAME) values ('32','Can view user','8','view_user');
Insert into PDGY3.AUTH_PERMISSION (ID,NAME,CONTENT_TYPE_ID,CODENAME) values ('33','Can add persona','21','add_persona');
Insert into PDGY3.AUTH_PERMISSION (ID,NAME,CONTENT_TYPE_ID,CODENAME) values ('34','Can change persona','21','change_persona');
Insert into PDGY3.AUTH_PERMISSION (ID,NAME,CONTENT_TYPE_ID,CODENAME) values ('35','Can delete persona','21','delete_persona');
Insert into PDGY3.AUTH_PERMISSION (ID,NAME,CONTENT_TYPE_ID,CODENAME) values ('36','Can view persona','21','view_persona');
REM INSERTING into PDGY3.AUTH_USER
SET DEFINE OFF;
Insert into PDGY3.AUTH_USER (ID,PASSWORD,LAST_LOGIN,IS_SUPERUSER,USERNAME,FIRST_NAME,LAST_NAME,EMAIL,IS_STAFF,IS_ACTIVE,DATE_JOINED) values ('1','pbkdf2_sha256$720000$OA9ygDjRPokfG4oI3USub2$BNXLduptt80QS83Nm9x9hK72ugH8q+1wcrO/YC5gwZM=',to_timestamp('29/04/24 13:34:30,001464000','DD/MM/RR HH24:MI:SSXFF'),'1','Grupo8',null,null,'math.urbina@duocuc.cl','1','1',to_timestamp('29/04/24 01:51:18,513133000','DD/MM/RR HH24:MI:SSXFF'));
REM INSERTING into PDGY3.AUTH_USER_GROUPS
SET DEFINE OFF;
REM INSERTING into PDGY3.AUTH_USER_USER_PERMISSIONS
SET DEFINE OFF;
REM INSERTING into PDGY3.CORE_JUEGO
SET DEFINE OFF;
Insert into PDGY3.CORE_JUEGO (ID,ID_JUEGO,NOMBRE,PRECIO,IMAGEN) values ('1','1','Battlefield 1','35000','juegos/g1.png');
Insert into PDGY3.CORE_JUEGO (ID,ID_JUEGO,NOMBRE,PRECIO,IMAGEN) values ('2','2','Age of empires II','15000','juegos/g2.png');
Insert into PDGY3.CORE_JUEGO (ID,ID_JUEGO,NOMBRE,PRECIO,IMAGEN) values ('3','3','GTA V','45000','juegos/g3.jpg');
Insert into PDGY3.CORE_JUEGO (ID,ID_JUEGO,NOMBRE,PRECIO,IMAGEN) values ('4','4','Assasins Creed Odyssey','32000','juegos/g4.png');
Insert into PDGY3.CORE_JUEGO (ID,ID_JUEGO,NOMBRE,PRECIO,IMAGEN) values ('5','5','Crash Bandicot','12000','juegos/g5.png');
Insert into PDGY3.CORE_JUEGO (ID,ID_JUEGO,NOMBRE,PRECIO,IMAGEN) values ('6','6','Fifa 24','50000','juegos/g6.png');
Insert into PDGY3.CORE_JUEGO (ID,ID_JUEGO,NOMBRE,PRECIO,IMAGEN) values ('7','7','The Surge','25000','juegos/g7.png');
Insert into PDGY3.CORE_JUEGO (ID,ID_JUEGO,NOMBRE,PRECIO,IMAGEN) values ('8','8','HellDivers','35000','juegos/g8.png');
Insert into PDGY3.CORE_JUEGO (ID,ID_JUEGO,NOMBRE,PRECIO,IMAGEN) values ('9','9','Horizon','15000','juegos/g9.png');
Insert into PDGY3.CORE_JUEGO (ID,ID_JUEGO,NOMBRE,PRECIO,IMAGEN) values ('10','10','Battlefront II','20000','juegos/g10.png');
Insert into PDGY3.CORE_JUEGO (ID,ID_JUEGO,NOMBRE,PRECIO,IMAGEN) values ('11','11','Anthem','14000','juegos/g11.png');
Insert into PDGY3.CORE_JUEGO (ID,ID_JUEGO,NOMBRE,PRECIO,IMAGEN) values ('12','12','Battlefield V','25000','juegos/g12.png');
Insert into PDGY3.CORE_JUEGO (ID,ID_JUEGO,NOMBRE,PRECIO,IMAGEN) values ('13','13','Total War Rome','5000','juegos/g13.png');
Insert into PDGY3.CORE_JUEGO (ID,ID_JUEGO,NOMBRE,PRECIO,IMAGEN) values ('14','14','The sims 4','18000','juegos/g14.png');
Insert into PDGY3.CORE_JUEGO (ID,ID_JUEGO,NOMBRE,PRECIO,IMAGEN) values ('15','15','Guitar Hero III','5000','juegos/g15.png');
Insert into PDGY3.CORE_JUEGO (ID,ID_JUEGO,NOMBRE,PRECIO,IMAGEN) values ('16','16','OverCooked 2','8000','juegos/g16_B9HLLiP.png');
REM INSERTING into PDGY3.CORE_PERSONA
SET DEFINE OFF;
Insert into PDGY3.CORE_PERSONA (ID,USUARIO,EMAIL,CLAVE,EDAD,PAIS) values ('14','RegistradoPrueba','Test@gmail.com','Trueno12','20','Chile');
Insert into PDGY3.CORE_PERSONA (ID,USUARIO,EMAIL,CLAVE,EDAD,PAIS) values ('1','MathiasUrbina','math.urbina@duocuc.cl','Sumativa8','26','Chile');
Insert into PDGY3.CORE_PERSONA (ID,USUARIO,EMAIL,CLAVE,EDAD,PAIS) values ('2','Francisco Escobar','fran.escobar@duocuc.cl','Sevieneel7','34','Chile');
Insert into PDGY3.CORE_PERSONA (ID,USUARIO,EMAIL,CLAVE,EDAD,PAIS) values ('3','JeanParra','Jean.parra@duocuc.cl','Ches12','25','Chile');
Insert into PDGY3.CORE_PERSONA (ID,USUARIO,EMAIL,CLAVE,EDAD,PAIS) values ('4','FiodorDostoievski','fiodo.dosto@duocuc.cl','Raskolnikoff12','140','Rusia');
REM INSERTING into PDGY3.CORE_USER
SET DEFINE OFF;
Insert into PDGY3.CORE_USER (USUARIO,EMAIL,CLAVE,EDAD,PAIS) values ('mathias12','mathias@gmail.com','mathias12','23','chile');
REM INSERTING into PDGY3.DJANGO_ADMIN_LOG
SET DEFINE OFF;
Insert into PDGY3.DJANGO_ADMIN_LOG (ID,ACTION_TIME,OBJECT_REPR,ACTION_FLAG,CONTENT_TYPE_ID,USER_ID) values ('17',to_timestamp('29/04/24 13:34:59,184325000','DD/MM/RR HH24:MI:SSXFF'),'OverCooked 2','2','7','1');
Insert into PDGY3.DJANGO_ADMIN_LOG (ID,ACTION_TIME,OBJECT_REPR,ACTION_FLAG,CONTENT_TYPE_ID,USER_ID) values ('1',to_timestamp('29/04/24 01:58:39,680337000','DD/MM/RR HH24:MI:SSXFF'),'Battlefield 1','1','7','1');
Insert into PDGY3.DJANGO_ADMIN_LOG (ID,ACTION_TIME,OBJECT_REPR,ACTION_FLAG,CONTENT_TYPE_ID,USER_ID) values ('2',to_timestamp('29/04/24 01:58:57,373191000','DD/MM/RR HH24:MI:SSXFF'),'Age of empires II','1','7','1');
Insert into PDGY3.DJANGO_ADMIN_LOG (ID,ACTION_TIME,OBJECT_REPR,ACTION_FLAG,CONTENT_TYPE_ID,USER_ID) values ('3',to_timestamp('29/04/24 01:59:33,800220000','DD/MM/RR HH24:MI:SSXFF'),'GTA V','1','7','1');
Insert into PDGY3.DJANGO_ADMIN_LOG (ID,ACTION_TIME,OBJECT_REPR,ACTION_FLAG,CONTENT_TYPE_ID,USER_ID) values ('4',to_timestamp('29/04/24 01:59:56,350534000','DD/MM/RR HH24:MI:SSXFF'),'Assasins Creed Odyssey','1','7','1');
Insert into PDGY3.DJANGO_ADMIN_LOG (ID,ACTION_TIME,OBJECT_REPR,ACTION_FLAG,CONTENT_TYPE_ID,USER_ID) values ('5',to_timestamp('29/04/24 02:00:17,230880000','DD/MM/RR HH24:MI:SSXFF'),'Crash Bandicot','1','7','1');
Insert into PDGY3.DJANGO_ADMIN_LOG (ID,ACTION_TIME,OBJECT_REPR,ACTION_FLAG,CONTENT_TYPE_ID,USER_ID) values ('6',to_timestamp('29/04/24 02:00:30,388502000','DD/MM/RR HH24:MI:SSXFF'),'Fifa 24','1','7','1');
Insert into PDGY3.DJANGO_ADMIN_LOG (ID,ACTION_TIME,OBJECT_REPR,ACTION_FLAG,CONTENT_TYPE_ID,USER_ID) values ('7',to_timestamp('29/04/24 02:00:49,859298000','DD/MM/RR HH24:MI:SSXFF'),'The Surge','1','7','1');
Insert into PDGY3.DJANGO_ADMIN_LOG (ID,ACTION_TIME,OBJECT_REPR,ACTION_FLAG,CONTENT_TYPE_ID,USER_ID) values ('8',to_timestamp('29/04/24 02:01:09,626234000','DD/MM/RR HH24:MI:SSXFF'),'HellDivers','1','7','1');
Insert into PDGY3.DJANGO_ADMIN_LOG (ID,ACTION_TIME,OBJECT_REPR,ACTION_FLAG,CONTENT_TYPE_ID,USER_ID) values ('9',to_timestamp('29/04/24 02:01:53,994737000','DD/MM/RR HH24:MI:SSXFF'),'Horizon','1','7','1');
Insert into PDGY3.DJANGO_ADMIN_LOG (ID,ACTION_TIME,OBJECT_REPR,ACTION_FLAG,CONTENT_TYPE_ID,USER_ID) values ('10',to_timestamp('29/04/24 02:02:05,385485000','DD/MM/RR HH24:MI:SSXFF'),'Battlefront II','1','7','1');
Insert into PDGY3.DJANGO_ADMIN_LOG (ID,ACTION_TIME,OBJECT_REPR,ACTION_FLAG,CONTENT_TYPE_ID,USER_ID) values ('11',to_timestamp('29/04/24 02:02:44,213361000','DD/MM/RR HH24:MI:SSXFF'),'Anthem','1','7','1');
Insert into PDGY3.DJANGO_ADMIN_LOG (ID,ACTION_TIME,OBJECT_REPR,ACTION_FLAG,CONTENT_TYPE_ID,USER_ID) values ('12',to_timestamp('29/04/24 02:02:58,944283000','DD/MM/RR HH24:MI:SSXFF'),'Battlefield V','1','7','1');
Insert into PDGY3.DJANGO_ADMIN_LOG (ID,ACTION_TIME,OBJECT_REPR,ACTION_FLAG,CONTENT_TYPE_ID,USER_ID) values ('13',to_timestamp('29/04/24 02:04:23,916460000','DD/MM/RR HH24:MI:SSXFF'),'Total War Rome','1','7','1');
Insert into PDGY3.DJANGO_ADMIN_LOG (ID,ACTION_TIME,OBJECT_REPR,ACTION_FLAG,CONTENT_TYPE_ID,USER_ID) values ('14',to_timestamp('29/04/24 02:04:37,420794000','DD/MM/RR HH24:MI:SSXFF'),'The sims 4','1','7','1');
Insert into PDGY3.DJANGO_ADMIN_LOG (ID,ACTION_TIME,OBJECT_REPR,ACTION_FLAG,CONTENT_TYPE_ID,USER_ID) values ('15',to_timestamp('29/04/24 02:04:53,554296000','DD/MM/RR HH24:MI:SSXFF'),'Guitar Hero III','1','7','1');
Insert into PDGY3.DJANGO_ADMIN_LOG (ID,ACTION_TIME,OBJECT_REPR,ACTION_FLAG,CONTENT_TYPE_ID,USER_ID) values ('16',to_timestamp('29/04/24 02:05:07,619954000','DD/MM/RR HH24:MI:SSXFF'),'OverCooked 2','1','7','1');
Insert into PDGY3.DJANGO_ADMIN_LOG (ID,ACTION_TIME,OBJECT_REPR,ACTION_FLAG,CONTENT_TYPE_ID,USER_ID) values ('22',to_timestamp('30/04/24 01:58:11,632071000','DD/MM/RR HH24:MI:SSXFF'),'Persona object (13)','3','21','1');
Insert into PDGY3.DJANGO_ADMIN_LOG (ID,ACTION_TIME,OBJECT_REPR,ACTION_FLAG,CONTENT_TYPE_ID,USER_ID) values ('23',to_timestamp('30/04/24 01:58:11,636061000','DD/MM/RR HH24:MI:SSXFF'),'Persona object (12)','3','21','1');
Insert into PDGY3.DJANGO_ADMIN_LOG (ID,ACTION_TIME,OBJECT_REPR,ACTION_FLAG,CONTENT_TYPE_ID,USER_ID) values ('24',to_timestamp('30/04/24 01:58:11,638054000','DD/MM/RR HH24:MI:SSXFF'),'Persona object (11)','3','21','1');
Insert into PDGY3.DJANGO_ADMIN_LOG (ID,ACTION_TIME,OBJECT_REPR,ACTION_FLAG,CONTENT_TYPE_ID,USER_ID) values ('25',to_timestamp('30/04/24 01:58:11,640069000','DD/MM/RR HH24:MI:SSXFF'),'Persona object (10)','3','21','1');
Insert into PDGY3.DJANGO_ADMIN_LOG (ID,ACTION_TIME,OBJECT_REPR,ACTION_FLAG,CONTENT_TYPE_ID,USER_ID) values ('26',to_timestamp('30/04/24 01:58:11,641048000','DD/MM/RR HH24:MI:SSXFF'),'Persona object (9)','3','21','1');
Insert into PDGY3.DJANGO_ADMIN_LOG (ID,ACTION_TIME,OBJECT_REPR,ACTION_FLAG,CONTENT_TYPE_ID,USER_ID) values ('27',to_timestamp('30/04/24 01:58:11,644044000','DD/MM/RR HH24:MI:SSXFF'),'Persona object (8)','3','21','1');
Insert into PDGY3.DJANGO_ADMIN_LOG (ID,ACTION_TIME,OBJECT_REPR,ACTION_FLAG,CONTENT_TYPE_ID,USER_ID) values ('28',to_timestamp('30/04/24 01:58:11,645039000','DD/MM/RR HH24:MI:SSXFF'),'Persona object (7)','3','21','1');
Insert into PDGY3.DJANGO_ADMIN_LOG (ID,ACTION_TIME,OBJECT_REPR,ACTION_FLAG,CONTENT_TYPE_ID,USER_ID) values ('29',to_timestamp('30/04/24 01:58:11,647031000','DD/MM/RR HH24:MI:SSXFF'),'Persona object (6)','3','21','1');
Insert into PDGY3.DJANGO_ADMIN_LOG (ID,ACTION_TIME,OBJECT_REPR,ACTION_FLAG,CONTENT_TYPE_ID,USER_ID) values ('30',to_timestamp('30/04/24 01:58:11,649026000','DD/MM/RR HH24:MI:SSXFF'),'Persona object (5)','3','21','1');
Insert into PDGY3.DJANGO_ADMIN_LOG (ID,ACTION_TIME,OBJECT_REPR,ACTION_FLAG,CONTENT_TYPE_ID,USER_ID) values ('18',to_timestamp('29/04/24 17:49:35,339408000','DD/MM/RR HH24:MI:SSXFF'),'MathiasUrbina','1','21','1');
Insert into PDGY3.DJANGO_ADMIN_LOG (ID,ACTION_TIME,OBJECT_REPR,ACTION_FLAG,CONTENT_TYPE_ID,USER_ID) values ('19',to_timestamp('29/04/24 17:50:05,650120000','DD/MM/RR HH24:MI:SSXFF'),'Francisco Escobar','1','21','1');
Insert into PDGY3.DJANGO_ADMIN_LOG (ID,ACTION_TIME,OBJECT_REPR,ACTION_FLAG,CONTENT_TYPE_ID,USER_ID) values ('20',to_timestamp('29/04/24 17:50:42,930682000','DD/MM/RR HH24:MI:SSXFF'),'JeanParra','1','21','1');
Insert into PDGY3.DJANGO_ADMIN_LOG (ID,ACTION_TIME,OBJECT_REPR,ACTION_FLAG,CONTENT_TYPE_ID,USER_ID) values ('21',to_timestamp('29/04/24 17:51:33,371851000','DD/MM/RR HH24:MI:SSXFF'),'FiodorDostoievski','1','21','1');
REM INSERTING into PDGY3.DJANGO_CONTENT_TYPE
SET DEFINE OFF;
Insert into PDGY3.DJANGO_CONTENT_TYPE (ID,APP_LABEL,MODEL) values ('1','admin','logentry');
Insert into PDGY3.DJANGO_CONTENT_TYPE (ID,APP_LABEL,MODEL) values ('2','auth','permission');
Insert into PDGY3.DJANGO_CONTENT_TYPE (ID,APP_LABEL,MODEL) values ('3','auth','group');
Insert into PDGY3.DJANGO_CONTENT_TYPE (ID,APP_LABEL,MODEL) values ('4','auth','user');
Insert into PDGY3.DJANGO_CONTENT_TYPE (ID,APP_LABEL,MODEL) values ('5','contenttypes','contenttype');
Insert into PDGY3.DJANGO_CONTENT_TYPE (ID,APP_LABEL,MODEL) values ('6','sessions','session');
Insert into PDGY3.DJANGO_CONTENT_TYPE (ID,APP_LABEL,MODEL) values ('7','core','juego');
Insert into PDGY3.DJANGO_CONTENT_TYPE (ID,APP_LABEL,MODEL) values ('8','core','user');
Insert into PDGY3.DJANGO_CONTENT_TYPE (ID,APP_LABEL,MODEL) values ('21','core','persona');
REM INSERTING into PDGY3.DJANGO_MIGRATIONS
SET DEFINE OFF;
Insert into PDGY3.DJANGO_MIGRATIONS (ID,APP,NAME,APPLIED) values ('1','contenttypes','0001_initial',to_timestamp('29/04/24 01:49:16,728177000','DD/MM/RR HH24:MI:SSXFF'));
Insert into PDGY3.DJANGO_MIGRATIONS (ID,APP,NAME,APPLIED) values ('2','auth','0001_initial',to_timestamp('29/04/24 01:49:17,090364000','DD/MM/RR HH24:MI:SSXFF'));
Insert into PDGY3.DJANGO_MIGRATIONS (ID,APP,NAME,APPLIED) values ('3','admin','0001_initial',to_timestamp('29/04/24 01:49:17,203739000','DD/MM/RR HH24:MI:SSXFF'));
Insert into PDGY3.DJANGO_MIGRATIONS (ID,APP,NAME,APPLIED) values ('4','admin','0002_logentry_remove_auto_add',to_timestamp('29/04/24 01:49:17,214709000','DD/MM/RR HH24:MI:SSXFF'));
Insert into PDGY3.DJANGO_MIGRATIONS (ID,APP,NAME,APPLIED) values ('5','admin','0003_logentry_add_action_flag_choices',to_timestamp('29/04/24 01:49:17,227675000','DD/MM/RR HH24:MI:SSXFF'));
Insert into PDGY3.DJANGO_MIGRATIONS (ID,APP,NAME,APPLIED) values ('6','contenttypes','0002_remove_content_type_name',to_timestamp('29/04/24 01:49:17,624428000','DD/MM/RR HH24:MI:SSXFF'));
Insert into PDGY3.DJANGO_MIGRATIONS (ID,APP,NAME,APPLIED) values ('7','auth','0002_alter_permission_name_max_length',to_timestamp('29/04/24 01:49:17,679247000','DD/MM/RR HH24:MI:SSXFF'));
Insert into PDGY3.DJANGO_MIGRATIONS (ID,APP,NAME,APPLIED) values ('8','auth','0003_alter_user_email_max_length',to_timestamp('29/04/24 01:49:17,708427000','DD/MM/RR HH24:MI:SSXFF'));
Insert into PDGY3.DJANGO_MIGRATIONS (ID,APP,NAME,APPLIED) values ('9','auth','0004_alter_user_username_opts',to_timestamp('29/04/24 01:49:17,721393000','DD/MM/RR HH24:MI:SSXFF'));
Insert into PDGY3.DJANGO_MIGRATIONS (ID,APP,NAME,APPLIED) values ('10','auth','0005_alter_user_last_login_null',to_timestamp('29/04/24 01:49:17,762284000','DD/MM/RR HH24:MI:SSXFF'));
Insert into PDGY3.DJANGO_MIGRATIONS (ID,APP,NAME,APPLIED) values ('11','auth','0006_require_contenttypes_0002',to_timestamp('29/04/24 01:49:17,764278000','DD/MM/RR HH24:MI:SSXFF'));
Insert into PDGY3.DJANGO_MIGRATIONS (ID,APP,NAME,APPLIED) values ('12','auth','0007_alter_validators_add_error_messages',to_timestamp('29/04/24 01:49:17,776272000','DD/MM/RR HH24:MI:SSXFF'));
Insert into PDGY3.DJANGO_MIGRATIONS (ID,APP,NAME,APPLIED) values ('13','auth','0008_alter_user_username_max_length',to_timestamp('29/04/24 01:49:17,810154000','DD/MM/RR HH24:MI:SSXFF'));
Insert into PDGY3.DJANGO_MIGRATIONS (ID,APP,NAME,APPLIED) values ('14','auth','0009_alter_user_last_name_max_length',to_timestamp('29/04/24 01:49:17,844064000','DD/MM/RR HH24:MI:SSXFF'));
Insert into PDGY3.DJANGO_MIGRATIONS (ID,APP,NAME,APPLIED) values ('15','auth','0010_alter_group_name_max_length',to_timestamp('29/04/24 01:49:17,878970000','DD/MM/RR HH24:MI:SSXFF'));
Insert into PDGY3.DJANGO_MIGRATIONS (ID,APP,NAME,APPLIED) values ('16','auth','0011_update_proxy_permissions',to_timestamp('29/04/24 01:49:17,889943000','DD/MM/RR HH24:MI:SSXFF'));
Insert into PDGY3.DJANGO_MIGRATIONS (ID,APP,NAME,APPLIED) values ('17','auth','0012_alter_user_first_name_max_length',to_timestamp('29/04/24 01:49:17,919861000','DD/MM/RR HH24:MI:SSXFF'));
Insert into PDGY3.DJANGO_MIGRATIONS (ID,APP,NAME,APPLIED) values ('18','core','0001_initial',to_timestamp('29/04/24 01:49:17,942800000','DD/MM/RR HH24:MI:SSXFF'));
Insert into PDGY3.DJANGO_MIGRATIONS (ID,APP,NAME,APPLIED) values ('19','sessions','0001_initial',to_timestamp('29/04/24 01:49:17,966736000','DD/MM/RR HH24:MI:SSXFF'));
Insert into PDGY3.DJANGO_MIGRATIONS (ID,APP,NAME,APPLIED) values ('20','core','0002_user',to_timestamp('29/04/24 04:01:05,325173000','DD/MM/RR HH24:MI:SSXFF'));
Insert into PDGY3.DJANGO_MIGRATIONS (ID,APP,NAME,APPLIED) values ('21','core','0003_persona',to_timestamp('29/04/24 17:48:31,993736000','DD/MM/RR HH24:MI:SSXFF'));
REM INSERTING into PDGY3.DJANGO_SESSION
SET DEFINE OFF;
Insert into PDGY3.DJANGO_SESSION (SESSION_KEY,EXPIRE_DATE) values ('0zh9fbx6jtyhch8tlq1tuqjhddscvnq8',to_timestamp('13/05/24 13:48:19,248553000','DD/MM/RR HH24:MI:SSXFF'));
--------------------------------------------------------
--  DDL for Index AUTH_GROU_GROUP_ID__0CD325B0_U
--------------------------------------------------------

  CREATE UNIQUE INDEX "PDGY3"."AUTH_GROU_GROUP_ID__0CD325B0_U" ON "PDGY3"."AUTH_GROUP_PERMISSIONS" ("GROUP_ID", "PERMISSION_ID") 
  PCTFREE 10 INITRANS 2 MAXTRANS 255 COMPUTE STATISTICS 
  TABLESPACE "USERS" ;
--------------------------------------------------------
--  DDL for Index AUTH_PERM_CONTENT_T_01AB375A_U
--------------------------------------------------------

  CREATE UNIQUE INDEX "PDGY3"."AUTH_PERM_CONTENT_T_01AB375A_U" ON "PDGY3"."AUTH_PERMISSION" ("CONTENT_TYPE_ID", "CODENAME") 
  PCTFREE 10 INITRANS 2 MAXTRANS 255 COMPUTE STATISTICS 
  STORAGE(INITIAL 65536 NEXT 1048576 MINEXTENTS 1 MAXEXTENTS 2147483645
  PCTINCREASE 0 FREELISTS 1 FREELIST GROUPS 1
  BUFFER_POOL DEFAULT FLASH_CACHE DEFAULT CELL_FLASH_CACHE DEFAULT)
  TABLESPACE "USERS" ;
--------------------------------------------------------
--  DDL for Index AUTH_USER_USER_ID_G_94350C0C_U
--------------------------------------------------------

  CREATE UNIQUE INDEX "PDGY3"."AUTH_USER_USER_ID_G_94350C0C_U" ON "PDGY3"."AUTH_USER_GROUPS" ("USER_ID", "GROUP_ID") 
  PCTFREE 10 INITRANS 2 MAXTRANS 255 COMPUTE STATISTICS 
  TABLESPACE "USERS" ;
--------------------------------------------------------
--  DDL for Index AUTH_USER_USER_ID_P_14A6B632_U
--------------------------------------------------------

  CREATE UNIQUE INDEX "PDGY3"."AUTH_USER_USER_ID_P_14A6B632_U" ON "PDGY3"."AUTH_USER_USER_PERMISSIONS" ("USER_ID", "PERMISSION_ID") 
  PCTFREE 10 INITRANS 2 MAXTRANS 255 COMPUTE STATISTICS 
  TABLESPACE "USERS" ;
--------------------------------------------------------
--  DDL for Index DJANGO_CO_APP_LABEL_76BD3D3B_U
--------------------------------------------------------

  CREATE UNIQUE INDEX "PDGY3"."DJANGO_CO_APP_LABEL_76BD3D3B_U" ON "PDGY3"."DJANGO_CONTENT_TYPE" ("APP_LABEL", "MODEL") 
  PCTFREE 10 INITRANS 2 MAXTRANS 255 COMPUTE STATISTICS 
  STORAGE(INITIAL 65536 NEXT 1048576 MINEXTENTS 1 MAXEXTENTS 2147483645
  PCTINCREASE 0 FREELISTS 1 FREELIST GROUPS 1
  BUFFER_POOL DEFAULT FLASH_CACHE DEFAULT CELL_FLASH_CACHE DEFAULT)
  TABLESPACE "USERS" ;
--------------------------------------------------------
--  DDL for Index DJANGO_ADM_USER_ID_C564EBA6
--------------------------------------------------------

  CREATE INDEX "PDGY3"."DJANGO_ADM_USER_ID_C564EBA6" ON "PDGY3"."DJANGO_ADMIN_LOG" ("USER_ID") 
  PCTFREE 10 INITRANS 2 MAXTRANS 255 COMPUTE STATISTICS 
  STORAGE(INITIAL 65536 NEXT 1048576 MINEXTENTS 1 MAXEXTENTS 2147483645
  PCTINCREASE 0 FREELISTS 1 FREELIST GROUPS 1
  BUFFER_POOL DEFAULT FLASH_CACHE DEFAULT CELL_FLASH_CACHE DEFAULT)
  TABLESPACE "USERS" ;
--------------------------------------------------------
--  DDL for Index AUTH_USER__USER_ID_A95EAD1B
--------------------------------------------------------

  CREATE INDEX "PDGY3"."AUTH_USER__USER_ID_A95EAD1B" ON "PDGY3"."AUTH_USER_USER_PERMISSIONS" ("USER_ID") 
  PCTFREE 10 INITRANS 2 MAXTRANS 255 COMPUTE STATISTICS 
  TABLESPACE "USERS" ;
--------------------------------------------------------
--  DDL for Index DJANGO_ADM_CONTENT_TY_C4BCE8EB
--------------------------------------------------------

  CREATE INDEX "PDGY3"."DJANGO_ADM_CONTENT_TY_C4BCE8EB" ON "PDGY3"."DJANGO_ADMIN_LOG" ("CONTENT_TYPE_ID") 
  PCTFREE 10 INITRANS 2 MAXTRANS 255 COMPUTE STATISTICS 
  STORAGE(INITIAL 65536 NEXT 1048576 MINEXTENTS 1 MAXEXTENTS 2147483645
  PCTINCREASE 0 FREELISTS 1 FREELIST GROUPS 1
  BUFFER_POOL DEFAULT FLASH_CACHE DEFAULT CELL_FLASH_CACHE DEFAULT)
  TABLESPACE "USERS" ;
--------------------------------------------------------
--  DDL for Index AUTH_GROUP_PERMISSION_84C5C92E
--------------------------------------------------------

  CREATE INDEX "PDGY3"."AUTH_GROUP_PERMISSION_84C5C92E" ON "PDGY3"."AUTH_GROUP_PERMISSIONS" ("PERMISSION_ID") 
  PCTFREE 10 INITRANS 2 MAXTRANS 255 COMPUTE STATISTICS 
  TABLESPACE "USERS" ;
--------------------------------------------------------
--  DDL for Index AUTH_USER__GROUP_ID_97559544
--------------------------------------------------------

  CREATE INDEX "PDGY3"."AUTH_USER__GROUP_ID_97559544" ON "PDGY3"."AUTH_USER_GROUPS" ("GROUP_ID") 
  PCTFREE 10 INITRANS 2 MAXTRANS 255 COMPUTE STATISTICS 
  TABLESPACE "USERS" ;
--------------------------------------------------------
--  DDL for Index AUTH_USER__PERMISSION_1FBB5F2C
--------------------------------------------------------

  CREATE INDEX "PDGY3"."AUTH_USER__PERMISSION_1FBB5F2C" ON "PDGY3"."AUTH_USER_USER_PERMISSIONS" ("PERMISSION_ID") 
  PCTFREE 10 INITRANS 2 MAXTRANS 255 COMPUTE STATISTICS 
  TABLESPACE "USERS" ;
--------------------------------------------------------
--  DDL for Index AUTH_USER__USER_ID_6A12ED8B
--------------------------------------------------------

  CREATE INDEX "PDGY3"."AUTH_USER__USER_ID_6A12ED8B" ON "PDGY3"."AUTH_USER_GROUPS" ("USER_ID") 
  PCTFREE 10 INITRANS 2 MAXTRANS 255 COMPUTE STATISTICS 
  TABLESPACE "USERS" ;
--------------------------------------------------------
--  DDL for Index AUTH_PERMI_CONTENT_TY_2F476E4B
--------------------------------------------------------

  CREATE INDEX "PDGY3"."AUTH_PERMI_CONTENT_TY_2F476E4B" ON "PDGY3"."AUTH_PERMISSION" ("CONTENT_TYPE_ID") 
  PCTFREE 10 INITRANS 2 MAXTRANS 255 COMPUTE STATISTICS 
  STORAGE(INITIAL 65536 NEXT 1048576 MINEXTENTS 1 MAXEXTENTS 2147483645
  PCTINCREASE 0 FREELISTS 1 FREELIST GROUPS 1
  BUFFER_POOL DEFAULT FLASH_CACHE DEFAULT CELL_FLASH_CACHE DEFAULT)
  TABLESPACE "USERS" ;
--------------------------------------------------------
--  DDL for Index AUTH_GROUP_GROUP_ID_B120CBF9
--------------------------------------------------------

  CREATE INDEX "PDGY3"."AUTH_GROUP_GROUP_ID_B120CBF9" ON "PDGY3"."AUTH_GROUP_PERMISSIONS" ("GROUP_ID") 
  PCTFREE 10 INITRANS 2 MAXTRANS 255 COMPUTE STATISTICS 
  TABLESPACE "USERS" ;
--------------------------------------------------------
--  DDL for Index DJANGO_SES_EXPIRE_DAT_A5C62663
--------------------------------------------------------

  CREATE INDEX "PDGY3"."DJANGO_SES_EXPIRE_DAT_A5C62663" ON "PDGY3"."DJANGO_SESSION" ("EXPIRE_DATE") 
  PCTFREE 10 INITRANS 2 MAXTRANS 255 COMPUTE STATISTICS 
  STORAGE(INITIAL 65536 NEXT 1048576 MINEXTENTS 1 MAXEXTENTS 2147483645
  PCTINCREASE 0 FREELISTS 1 FREELIST GROUPS 1
  BUFFER_POOL DEFAULT FLASH_CACHE DEFAULT CELL_FLASH_CACHE DEFAULT)
  TABLESPACE "USERS" ;
--------------------------------------------------------
--  Constraints for Table AUTH_GROUP_PERMISSIONS
--------------------------------------------------------

  ALTER TABLE "PDGY3"."AUTH_GROUP_PERMISSIONS" MODIFY ("ID" NOT NULL ENABLE);
  ALTER TABLE "PDGY3"."AUTH_GROUP_PERMISSIONS" MODIFY ("GROUP_ID" NOT NULL ENABLE);
  ALTER TABLE "PDGY3"."AUTH_GROUP_PERMISSIONS" MODIFY ("PERMISSION_ID" NOT NULL ENABLE);
  ALTER TABLE "PDGY3"."AUTH_GROUP_PERMISSIONS" ADD PRIMARY KEY ("ID")
  USING INDEX PCTFREE 10 INITRANS 2 MAXTRANS 255 COMPUTE STATISTICS 
  TABLESPACE "USERS"  ENABLE;
  ALTER TABLE "PDGY3"."AUTH_GROUP_PERMISSIONS" ADD CONSTRAINT "AUTH_GROU_GROUP_ID__0CD325B0_U" UNIQUE ("GROUP_ID", "PERMISSION_ID")
  USING INDEX PCTFREE 10 INITRANS 2 MAXTRANS 255 COMPUTE STATISTICS 
  TABLESPACE "USERS"  ENABLE;
--------------------------------------------------------
--  Constraints for Table CORE_USER
--------------------------------------------------------

  ALTER TABLE "PDGY3"."CORE_USER" MODIFY ("USUARIO" NOT NULL ENABLE);
  ALTER TABLE "PDGY3"."CORE_USER" ADD PRIMARY KEY ("USUARIO")
  USING INDEX PCTFREE 10 INITRANS 2 MAXTRANS 255 COMPUTE STATISTICS 
  STORAGE(INITIAL 65536 NEXT 1048576 MINEXTENTS 1 MAXEXTENTS 2147483645
  PCTINCREASE 0 FREELISTS 1 FREELIST GROUPS 1
  BUFFER_POOL DEFAULT FLASH_CACHE DEFAULT CELL_FLASH_CACHE DEFAULT)
  TABLESPACE "USERS"  ENABLE;
--------------------------------------------------------
--  Constraints for Table DJANGO_ADMIN_LOG
--------------------------------------------------------

  ALTER TABLE "PDGY3"."DJANGO_ADMIN_LOG" MODIFY ("ID" NOT NULL ENABLE);
  ALTER TABLE "PDGY3"."DJANGO_ADMIN_LOG" MODIFY ("ACTION_TIME" NOT NULL ENABLE);
  ALTER TABLE "PDGY3"."DJANGO_ADMIN_LOG" MODIFY ("ACTION_FLAG" NOT NULL ENABLE);
  ALTER TABLE "PDGY3"."DJANGO_ADMIN_LOG" MODIFY ("USER_ID" NOT NULL ENABLE);
  ALTER TABLE "PDGY3"."DJANGO_ADMIN_LOG" ADD CHECK ("ACTION_FLAG" >= 0) ENABLE;
  ALTER TABLE "PDGY3"."DJANGO_ADMIN_LOG" ADD PRIMARY KEY ("ID")
  USING INDEX PCTFREE 10 INITRANS 2 MAXTRANS 255 COMPUTE STATISTICS 
  STORAGE(INITIAL 65536 NEXT 1048576 MINEXTENTS 1 MAXEXTENTS 2147483645
  PCTINCREASE 0 FREELISTS 1 FREELIST GROUPS 1
  BUFFER_POOL DEFAULT FLASH_CACHE DEFAULT CELL_FLASH_CACHE DEFAULT)
  TABLESPACE "USERS"  ENABLE;
--------------------------------------------------------
--  Constraints for Table AUTH_USER_GROUPS
--------------------------------------------------------

  ALTER TABLE "PDGY3"."AUTH_USER_GROUPS" MODIFY ("ID" NOT NULL ENABLE);
  ALTER TABLE "PDGY3"."AUTH_USER_GROUPS" MODIFY ("USER_ID" NOT NULL ENABLE);
  ALTER TABLE "PDGY3"."AUTH_USER_GROUPS" MODIFY ("GROUP_ID" NOT NULL ENABLE);
  ALTER TABLE "PDGY3"."AUTH_USER_GROUPS" ADD PRIMARY KEY ("ID")
  USING INDEX PCTFREE 10 INITRANS 2 MAXTRANS 255 COMPUTE STATISTICS 
  TABLESPACE "USERS"  ENABLE;
  ALTER TABLE "PDGY3"."AUTH_USER_GROUPS" ADD CONSTRAINT "AUTH_USER_USER_ID_G_94350C0C_U" UNIQUE ("USER_ID", "GROUP_ID")
  USING INDEX PCTFREE 10 INITRANS 2 MAXTRANS 255 COMPUTE STATISTICS 
  TABLESPACE "USERS"  ENABLE;
--------------------------------------------------------
--  Constraints for Table AUTH_GROUP
--------------------------------------------------------

  ALTER TABLE "PDGY3"."AUTH_GROUP" MODIFY ("ID" NOT NULL ENABLE);
  ALTER TABLE "PDGY3"."AUTH_GROUP" ADD PRIMARY KEY ("ID")
  USING INDEX PCTFREE 10 INITRANS 2 MAXTRANS 255 COMPUTE STATISTICS 
  TABLESPACE "USERS"  ENABLE;
  ALTER TABLE "PDGY3"."AUTH_GROUP" ADD UNIQUE ("NAME")
  USING INDEX PCTFREE 10 INITRANS 2 MAXTRANS 255 COMPUTE STATISTICS 
  TABLESPACE "USERS"  ENABLE;
--------------------------------------------------------
--  Constraints for Table DJANGO_SESSION
--------------------------------------------------------

  ALTER TABLE "PDGY3"."DJANGO_SESSION" MODIFY ("SESSION_KEY" NOT NULL ENABLE);
  ALTER TABLE "PDGY3"."DJANGO_SESSION" MODIFY ("EXPIRE_DATE" NOT NULL ENABLE);
  ALTER TABLE "PDGY3"."DJANGO_SESSION" ADD PRIMARY KEY ("SESSION_KEY")
  USING INDEX PCTFREE 10 INITRANS 2 MAXTRANS 255 COMPUTE STATISTICS 
  STORAGE(INITIAL 65536 NEXT 1048576 MINEXTENTS 1 MAXEXTENTS 2147483645
  PCTINCREASE 0 FREELISTS 1 FREELIST GROUPS 1
  BUFFER_POOL DEFAULT FLASH_CACHE DEFAULT CELL_FLASH_CACHE DEFAULT)
  TABLESPACE "USERS"  ENABLE;
--------------------------------------------------------
--  Constraints for Table CORE_JUEGO
--------------------------------------------------------

  ALTER TABLE "PDGY3"."CORE_JUEGO" MODIFY ("ID" NOT NULL ENABLE);
  ALTER TABLE "PDGY3"."CORE_JUEGO" ADD PRIMARY KEY ("ID")
  USING INDEX PCTFREE 10 INITRANS 2 MAXTRANS 255 COMPUTE STATISTICS 
  STORAGE(INITIAL 65536 NEXT 1048576 MINEXTENTS 1 MAXEXTENTS 2147483645
  PCTINCREASE 0 FREELISTS 1 FREELIST GROUPS 1
  BUFFER_POOL DEFAULT FLASH_CACHE DEFAULT CELL_FLASH_CACHE DEFAULT)
  TABLESPACE "USERS"  ENABLE;
  ALTER TABLE "PDGY3"."CORE_JUEGO" ADD UNIQUE ("ID_JUEGO")
  USING INDEX PCTFREE 10 INITRANS 2 MAXTRANS 255 COMPUTE STATISTICS 
  STORAGE(INITIAL 65536 NEXT 1048576 MINEXTENTS 1 MAXEXTENTS 2147483645
  PCTINCREASE 0 FREELISTS 1 FREELIST GROUPS 1
  BUFFER_POOL DEFAULT FLASH_CACHE DEFAULT CELL_FLASH_CACHE DEFAULT)
  TABLESPACE "USERS"  ENABLE;
--------------------------------------------------------
--  Constraints for Table DJANGO_CONTENT_TYPE
--------------------------------------------------------

  ALTER TABLE "PDGY3"."DJANGO_CONTENT_TYPE" MODIFY ("ID" NOT NULL ENABLE);
  ALTER TABLE "PDGY3"."DJANGO_CONTENT_TYPE" ADD PRIMARY KEY ("ID")
  USING INDEX PCTFREE 10 INITRANS 2 MAXTRANS 255 COMPUTE STATISTICS 
  STORAGE(INITIAL 65536 NEXT 1048576 MINEXTENTS 1 MAXEXTENTS 2147483645
  PCTINCREASE 0 FREELISTS 1 FREELIST GROUPS 1
  BUFFER_POOL DEFAULT FLASH_CACHE DEFAULT CELL_FLASH_CACHE DEFAULT)
  TABLESPACE "USERS"  ENABLE;
  ALTER TABLE "PDGY3"."DJANGO_CONTENT_TYPE" ADD CONSTRAINT "DJANGO_CO_APP_LABEL_76BD3D3B_U" UNIQUE ("APP_LABEL", "MODEL")
  USING INDEX PCTFREE 10 INITRANS 2 MAXTRANS 255 COMPUTE STATISTICS 
  STORAGE(INITIAL 65536 NEXT 1048576 MINEXTENTS 1 MAXEXTENTS 2147483645
  PCTINCREASE 0 FREELISTS 1 FREELIST GROUPS 1
  BUFFER_POOL DEFAULT FLASH_CACHE DEFAULT CELL_FLASH_CACHE DEFAULT)
  TABLESPACE "USERS"  ENABLE;
--------------------------------------------------------
--  Constraints for Table DJANGO_MIGRATIONS
--------------------------------------------------------

  ALTER TABLE "PDGY3"."DJANGO_MIGRATIONS" MODIFY ("ID" NOT NULL ENABLE);
  ALTER TABLE "PDGY3"."DJANGO_MIGRATIONS" MODIFY ("APPLIED" NOT NULL ENABLE);
  ALTER TABLE "PDGY3"."DJANGO_MIGRATIONS" ADD PRIMARY KEY ("ID")
  USING INDEX PCTFREE 10 INITRANS 2 MAXTRANS 255 COMPUTE STATISTICS 
  STORAGE(INITIAL 65536 NEXT 1048576 MINEXTENTS 1 MAXEXTENTS 2147483645
  PCTINCREASE 0 FREELISTS 1 FREELIST GROUPS 1
  BUFFER_POOL DEFAULT FLASH_CACHE DEFAULT CELL_FLASH_CACHE DEFAULT)
  TABLESPACE "USERS"  ENABLE;
--------------------------------------------------------
--  Constraints for Table AUTH_USER_USER_PERMISSIONS
--------------------------------------------------------

  ALTER TABLE "PDGY3"."AUTH_USER_USER_PERMISSIONS" MODIFY ("ID" NOT NULL ENABLE);
  ALTER TABLE "PDGY3"."AUTH_USER_USER_PERMISSIONS" MODIFY ("USER_ID" NOT NULL ENABLE);
  ALTER TABLE "PDGY3"."AUTH_USER_USER_PERMISSIONS" MODIFY ("PERMISSION_ID" NOT NULL ENABLE);
  ALTER TABLE "PDGY3"."AUTH_USER_USER_PERMISSIONS" ADD PRIMARY KEY ("ID")
  USING INDEX PCTFREE 10 INITRANS 2 MAXTRANS 255 COMPUTE STATISTICS 
  TABLESPACE "USERS"  ENABLE;
  ALTER TABLE "PDGY3"."AUTH_USER_USER_PERMISSIONS" ADD CONSTRAINT "AUTH_USER_USER_ID_P_14A6B632_U" UNIQUE ("USER_ID", "PERMISSION_ID")
  USING INDEX PCTFREE 10 INITRANS 2 MAXTRANS 255 COMPUTE STATISTICS 
  TABLESPACE "USERS"  ENABLE;
--------------------------------------------------------
--  Constraints for Table AUTH_USER
--------------------------------------------------------

  ALTER TABLE "PDGY3"."AUTH_USER" MODIFY ("ID" NOT NULL ENABLE);
  ALTER TABLE "PDGY3"."AUTH_USER" MODIFY ("IS_SUPERUSER" NOT NULL ENABLE);
  ALTER TABLE "PDGY3"."AUTH_USER" MODIFY ("IS_STAFF" NOT NULL ENABLE);
  ALTER TABLE "PDGY3"."AUTH_USER" MODIFY ("IS_ACTIVE" NOT NULL ENABLE);
  ALTER TABLE "PDGY3"."AUTH_USER" MODIFY ("DATE_JOINED" NOT NULL ENABLE);
  ALTER TABLE "PDGY3"."AUTH_USER" ADD CHECK ("IS_SUPERUSER" IN (0,1)) ENABLE;
  ALTER TABLE "PDGY3"."AUTH_USER" ADD CHECK ("IS_STAFF" IN (0,1)) ENABLE;
  ALTER TABLE "PDGY3"."AUTH_USER" ADD CHECK ("IS_ACTIVE" IN (0,1)) ENABLE;
  ALTER TABLE "PDGY3"."AUTH_USER" ADD PRIMARY KEY ("ID")
  USING INDEX PCTFREE 10 INITRANS 2 MAXTRANS 255 COMPUTE STATISTICS 
  STORAGE(INITIAL 65536 NEXT 1048576 MINEXTENTS 1 MAXEXTENTS 2147483645
  PCTINCREASE 0 FREELISTS 1 FREELIST GROUPS 1
  BUFFER_POOL DEFAULT FLASH_CACHE DEFAULT CELL_FLASH_CACHE DEFAULT)
  TABLESPACE "USERS"  ENABLE;
  ALTER TABLE "PDGY3"."AUTH_USER" ADD UNIQUE ("USERNAME")
  USING INDEX PCTFREE 10 INITRANS 2 MAXTRANS 255 COMPUTE STATISTICS 
  STORAGE(INITIAL 65536 NEXT 1048576 MINEXTENTS 1 MAXEXTENTS 2147483645
  PCTINCREASE 0 FREELISTS 1 FREELIST GROUPS 1
  BUFFER_POOL DEFAULT FLASH_CACHE DEFAULT CELL_FLASH_CACHE DEFAULT)
  TABLESPACE "USERS"  ENABLE;
--------------------------------------------------------
--  Constraints for Table CORE_PERSONA
--------------------------------------------------------

  ALTER TABLE "PDGY3"."CORE_PERSONA" MODIFY ("ID" NOT NULL ENABLE);
  ALTER TABLE "PDGY3"."CORE_PERSONA" ADD PRIMARY KEY ("ID")
  USING INDEX PCTFREE 10 INITRANS 2 MAXTRANS 255 COMPUTE STATISTICS 
  STORAGE(INITIAL 65536 NEXT 1048576 MINEXTENTS 1 MAXEXTENTS 2147483645
  PCTINCREASE 0 FREELISTS 1 FREELIST GROUPS 1
  BUFFER_POOL DEFAULT FLASH_CACHE DEFAULT CELL_FLASH_CACHE DEFAULT)
  TABLESPACE "USERS"  ENABLE;
  ALTER TABLE "PDGY3"."CORE_PERSONA" ADD UNIQUE ("USUARIO")
  USING INDEX PCTFREE 10 INITRANS 2 MAXTRANS 255 COMPUTE STATISTICS 
  STORAGE(INITIAL 65536 NEXT 1048576 MINEXTENTS 1 MAXEXTENTS 2147483645
  PCTINCREASE 0 FREELISTS 1 FREELIST GROUPS 1
  BUFFER_POOL DEFAULT FLASH_CACHE DEFAULT CELL_FLASH_CACHE DEFAULT)
  TABLESPACE "USERS"  ENABLE;
--------------------------------------------------------
--  Constraints for Table AUTH_PERMISSION
--------------------------------------------------------

  ALTER TABLE "PDGY3"."AUTH_PERMISSION" MODIFY ("ID" NOT NULL ENABLE);
  ALTER TABLE "PDGY3"."AUTH_PERMISSION" MODIFY ("CONTENT_TYPE_ID" NOT NULL ENABLE);
  ALTER TABLE "PDGY3"."AUTH_PERMISSION" ADD PRIMARY KEY ("ID")
  USING INDEX PCTFREE 10 INITRANS 2 MAXTRANS 255 COMPUTE STATISTICS 
  STORAGE(INITIAL 65536 NEXT 1048576 MINEXTENTS 1 MAXEXTENTS 2147483645
  PCTINCREASE 0 FREELISTS 1 FREELIST GROUPS 1
  BUFFER_POOL DEFAULT FLASH_CACHE DEFAULT CELL_FLASH_CACHE DEFAULT)
  TABLESPACE "USERS"  ENABLE;
  ALTER TABLE "PDGY3"."AUTH_PERMISSION" ADD CONSTRAINT "AUTH_PERM_CONTENT_T_01AB375A_U" UNIQUE ("CONTENT_TYPE_ID", "CODENAME")
  USING INDEX PCTFREE 10 INITRANS 2 MAXTRANS 255 COMPUTE STATISTICS 
  STORAGE(INITIAL 65536 NEXT 1048576 MINEXTENTS 1 MAXEXTENTS 2147483645
  PCTINCREASE 0 FREELISTS 1 FREELIST GROUPS 1
  BUFFER_POOL DEFAULT FLASH_CACHE DEFAULT CELL_FLASH_CACHE DEFAULT)
  TABLESPACE "USERS"  ENABLE;
--------------------------------------------------------
--  Ref Constraints for Table AUTH_GROUP_PERMISSIONS
--------------------------------------------------------

  ALTER TABLE "PDGY3"."AUTH_GROUP_PERMISSIONS" ADD CONSTRAINT "AUTH_GROU_GROUP_ID_B120CBF9_F" FOREIGN KEY ("GROUP_ID")
	  REFERENCES "PDGY3"."AUTH_GROUP" ("ID") DEFERRABLE INITIALLY DEFERRED ENABLE;
  ALTER TABLE "PDGY3"."AUTH_GROUP_PERMISSIONS" ADD CONSTRAINT "AUTH_GROU_PERMISSIO_84C5C92E_F" FOREIGN KEY ("PERMISSION_ID")
	  REFERENCES "PDGY3"."AUTH_PERMISSION" ("ID") DEFERRABLE INITIALLY DEFERRED ENABLE;
--------------------------------------------------------
--  Ref Constraints for Table AUTH_PERMISSION
--------------------------------------------------------

  ALTER TABLE "PDGY3"."AUTH_PERMISSION" ADD CONSTRAINT "AUTH_PERM_CONTENT_T_2F476E4B_F" FOREIGN KEY ("CONTENT_TYPE_ID")
	  REFERENCES "PDGY3"."DJANGO_CONTENT_TYPE" ("ID") DEFERRABLE INITIALLY DEFERRED ENABLE;
--------------------------------------------------------
--  Ref Constraints for Table AUTH_USER_GROUPS
--------------------------------------------------------

  ALTER TABLE "PDGY3"."AUTH_USER_GROUPS" ADD CONSTRAINT "AUTH_USER_USER_ID_6A12ED8B_F" FOREIGN KEY ("USER_ID")
	  REFERENCES "PDGY3"."AUTH_USER" ("ID") DEFERRABLE INITIALLY DEFERRED ENABLE;
  ALTER TABLE "PDGY3"."AUTH_USER_GROUPS" ADD CONSTRAINT "AUTH_USER_GROUP_ID_97559544_F" FOREIGN KEY ("GROUP_ID")
	  REFERENCES "PDGY3"."AUTH_GROUP" ("ID") DEFERRABLE INITIALLY DEFERRED ENABLE;
--------------------------------------------------------
--  Ref Constraints for Table AUTH_USER_USER_PERMISSIONS
--------------------------------------------------------

  ALTER TABLE "PDGY3"."AUTH_USER_USER_PERMISSIONS" ADD CONSTRAINT "AUTH_USER_USER_ID_A95EAD1B_F" FOREIGN KEY ("USER_ID")
	  REFERENCES "PDGY3"."AUTH_USER" ("ID") DEFERRABLE INITIALLY DEFERRED ENABLE;
  ALTER TABLE "PDGY3"."AUTH_USER_USER_PERMISSIONS" ADD CONSTRAINT "AUTH_USER_PERMISSIO_1FBB5F2C_F" FOREIGN KEY ("PERMISSION_ID")
	  REFERENCES "PDGY3"."AUTH_PERMISSION" ("ID") DEFERRABLE INITIALLY DEFERRED ENABLE;
--------------------------------------------------------
--  Ref Constraints for Table DJANGO_ADMIN_LOG
--------------------------------------------------------

  ALTER TABLE "PDGY3"."DJANGO_ADMIN_LOG" ADD CONSTRAINT "DJANGO_AD_CONTENT_T_C4BCE8EB_F" FOREIGN KEY ("CONTENT_TYPE_ID")
	  REFERENCES "PDGY3"."DJANGO_CONTENT_TYPE" ("ID") DEFERRABLE INITIALLY DEFERRED ENABLE;
  ALTER TABLE "PDGY3"."DJANGO_ADMIN_LOG" ADD CONSTRAINT "DJANGO_AD_USER_ID_C564EBA6_F" FOREIGN KEY ("USER_ID")
	  REFERENCES "PDGY3"."AUTH_USER" ("ID") DEFERRABLE INITIALLY DEFERRED ENABLE;
